<?xml version="1.0" encoding="UTF-8" standalone="yes"?>
<addon id="service.kodiasplayer" name="Kodi as Player" version="0.0.1~matrix.1" provider-name="Nemiroff">
    <requires>
        <import addon="xbmc.python" version="3.0.0"/>
    </requires>
    <extension point="xbmc.service" library="resources/lib/runner.py"/>
    <extension point="xbmc.addon.metadata">
        <news>Первая версия.
Будьте аккуратны с установкой таймаута.</news>
        <assets>
            <icon>icon.png</icon>
        </assets>
        <summary lang="ru_RU">Kodi как Видеопроигрыватель</summary>
        <description lang="ru_RU">[COLOR FFFF0000][B]Только для Android!!![/B][/COLOR][CR]Сервис отслеживающий запуск/остановку встроенного плеера. По завершению воспроизведения есть возможность закрыть/свернуть Kodi. </description>
        <disclaimer lang="ru_RU">Сервис предоставляется "AS IS"</disclaimer>
        <platform>android windows</platform>
        <license>GPL-2.0-or-later, GPL-3.0-or-later, Apache-2.0</license>
    </extension>
</addon>
