<?xml version="1.0" encoding="UTF-8" standalone="yes"?>
<addon id="plugin.video.cinema.mosfilm.ru" name="Мосфильм" version="1.1.9" provider-name="Nemiroff, Silen, Rommi">
    <requires>
        <import addon="xbmc.python" version="2.1.0"/>
        <import addon="script.module.kodi-six" />
        <import addon="script.module.beautifulsoup4"/>
        <import addon="script.module.six" version="1.11.0"/>
        <import addon="plugin.video.youtube"/>
    </requires>
    <extension point="xbmc.python.pluginsource" provides="video" library="default.py">
        <provides>video</provides>
    </extension>
    <extension point="xbmc.addon.metadata">
        <summary lang="ru_RU">Мосфильм (cinema.mosfilm.ru)</summary>
        <description lang="ru_RU">Интернет-кинотеатр ФГУП «Киноконцерн «Мосфильм» (cinema.mosfilm.ru).</description>
        <platform>all</platform>
        <news>[B]v1.1.9[/B]
* Kodi 19</news>
        <assets>
            <icon>icon.png</icon>
            <fanart>fanart.jpg</fanart>
        </assets>
    </extension>
</addon>
