<?xml version="1.0" encoding="UTF-8" standalone="yes"?>
<addon id="plugin.audio.rr" name="Radio Record" version="0.0.12~matrix" provider-name="Nemiroff">
    <requires>
        <import addon="xbmc.python" version="3.0.0"/>
        <import addon="script.module.kodi-six" />
        <import addon="script.module.six" version="1.11.0"/>
    </requires>
    <extension point="xbmc.python.pluginsource" library="default.py">
        <provides>audio</provides>
    </extension>
    <extension point="xbmc.addon.metadata">
        <summary lang="en">Radio Record</summary>
        <license>GNU General Public License, v2</license>
        <description lang="en">Add-on for RadioRecord from http://www.radiorecord.ru/</description>
        <description lang="ru">Аддон для RadioRecord.ru</description>
        <platform>all</platform>
        <news>[B]v0.0.12[/B]
* Восстановлена работоспособность.</news>
        <assets>
            <icon>icon.png</icon>
            <fanart>fanart.jpg</fanart>
        </assets>
    </extension>
</addon>
